data_size,run,threads,implementation,schedule,time_seconds,checksum
10000,1,1,sequential,none,0.000060869,443273.3349999999
10000,1,1,simd,none,0.000006654,443273.3349999999
10000,2,1,sequential,none,0.000005581,443273.3349999999
10000,2,1,simd,none,0.000007643,443273.3349999999
10000,3,1,sequential,none,0.000005928,443273.3349999999
10000,3,1,simd,none,0.000005941,443273.3349999999
10000,4,1,sequential,none,0.000005925,443273.3349999999
10000,4,1,simd,none,0.000005850,443273.3349999999
10000,5,1,sequential,none,0.000007598,443273.3349999999
10000,5,1,simd,none,0.000012042,443273.3349999999
10000,6,1,sequential,none,0.000005282,443273.3349999999
10000,6,1,simd,none,0.000005140,443273.3349999999
10000,7,1,sequential,none,0.000005196,443273.3349999999
10000,7,1,simd,none,0.000005102,443273.3349999999
10000,1,1,parallel,static,0.000029209,443273.3349999999
10000,1,1,parallel,dynamic,0.000280689,443273.3349999999
10000,1,1,parallel,guided,0.000011027,443273.3349999999
10000,2,1,parallel,static,0.000008103,443273.3349999999
10000,2,1,parallel,dynamic,0.000219119,443273.3349999999
10000,2,1,parallel,guided,0.000008440,443273.3349999999
10000,3,1,parallel,static,0.000007967,443273.3349999999
10000,3,1,parallel,dynamic,0.000275356,443273.3349999999
10000,3,1,parallel,guided,0.000006140,443273.3349999999
10000,4,1,parallel,static,0.000005952,443273.3349999999
10000,4,1,parallel,dynamic,0.000211966,443273.3349999999
10000,4,1,parallel,guided,0.000005739,443273.3349999999
10000,5,1,parallel,static,0.000005674,443273.3349999999
10000,5,1,parallel,dynamic,0.000217424,443273.3349999999
10000,5,1,parallel,guided,0.000006303,443273.3349999999
10000,6,1,parallel,static,0.000005845,443273.3349999999
10000,6,1,parallel,dynamic,0.000211531,443273.3349999999
10000,6,1,parallel,guided,0.000005777,443273.3349999999
10000,7,1,parallel,static,0.000005633,443273.3349999999
10000,7,1,parallel,dynamic,0.000211595,443273.3349999999
10000,7,1,parallel,guided,0.000005756,443273.3349999999
10000,1,2,parallel,static,0.000451314,443273.3349999999
10000,1,2,parallel,dynamic,0.000901383,443273.3349999999
10000,1,2,parallel,guided,0.000009765,443273.3349999999
10000,2,2,parallel,static,0.000007003,443273.3349999999
10000,2,2,parallel,dynamic,0.000924838,443273.3349999999
10000,2,2,parallel,guided,0.000007931,443273.3349999999
10000,3,2,parallel,static,0.000007129,443273.3349999999
10000,3,2,parallel,dynamic,0.000634828,443273.3349999999
10000,3,2,parallel,guided,0.000009593,443273.3349999999
10000,4,2,parallel,static,0.000008588,443273.3349999999
10000,4,2,parallel,dynamic,0.000916860,443273.3349999999
10000,4,2,parallel,guided,0.000013528,443273.3349999999
10000,5,2,parallel,static,0.000010791,443273.3349999999
10000,5,2,parallel,dynamic,0.001032877,443273.3349999999
10000,5,2,parallel,guided,0.000035154,443273.3349999999
10000,6,2,parallel,static,0.000007424,443273.3349999999
10000,6,2,parallel,dynamic,0.001262868,443273.3349999999
10000,6,2,parallel,guided,0.000011842,443273.3349999999
10000,7,2,parallel,static,0.000007210,443273.3349999999
10000,7,2,parallel,dynamic,0.001266170,443273.3349999999
10000,7,2,parallel,guided,0.000012527,443273.3349999999
10000,1,4,parallel,static,0.000436589,443273.3349999999
10000,1,4,parallel,dynamic,0.000793047,443273.3349999999
10000,1,4,parallel,guided,0.000013848,443273.3349999999
10000,2,4,parallel,static,0.000008124,443273.3349999999
10000,2,4,parallel,dynamic,0.000746853,443273.3349999999
10000,2,4,parallel,guided,0.000012693,443273.3349999999
10000,3,4,parallel,static,0.000008004,443273.3349999999
10000,3,4,parallel,dynamic,0.000759858,443273.3349999999
10000,3,4,parallel,guided,0.000012915,443273.3349999999
10000,4,4,parallel,static,0.000008845,443273.3349999999
10000,4,4,parallel,dynamic,0.000874430,443273.3349999999
10000,4,4,parallel,guided,0.000010913,443273.3349999999
10000,5,4,parallel,static,0.000008724,443273.3349999999
10000,5,4,parallel,dynamic,0.000865668,443273.3349999999
10000,5,4,parallel,guided,0.000011290,443273.3349999999
10000,6,4,parallel,static,0.000008493,443273.3349999999
10000,6,4,parallel,dynamic,0.000806383,443273.3349999999
10000,6,4,parallel,guided,0.000015610,443273.3349999999
10000,7,4,parallel,static,0.000007352,443273.3349999999
10000,7,4,parallel,dynamic,0.000459858,443273.3349999999
10000,7,4,parallel,guided,0.000011599,443273.3349999999
10000,1,8,parallel,static,0.000902008,443273.3349999999
10000,1,8,parallel,dynamic,0.001651750,443273.3349999999
10000,1,8,parallel,guided,0.000019983,443273.3349999999
10000,2,8,parallel,static,0.000007373,443273.3349999999
10000,2,8,parallel,dynamic,0.000670854,443273.3349999999
10000,2,8,parallel,guided,0.000021093,443273.3349999999
10000,3,8,parallel,static,0.000007484,443273.3349999999
10000,3,8,parallel,dynamic,0.000668732,443273.3349999999
10000,3,8,parallel,guided,0.000020312,443273.3349999999
10000,4,8,parallel,static,0.000005915,443273.3349999999
10000,4,8,parallel,dynamic,0.000631070,443273.3349999999
10000,4,8,parallel,guided,0.000016900,443273.3349999999
10000,5,8,parallel,static,0.000006061,443273.3349999999
10000,5,8,parallel,dynamic,0.000645670,443273.3349999999
10000,5,8,parallel,guided,0.000178472,443273.3349999999
10000,6,8,parallel,static,0.000023618,443273.3349999999
10000,6,8,parallel,dynamic,0.000554459,443273.3349999999
10000,6,8,parallel,guided,0.000015721,443273.3349999999
10000,7,8,parallel,static,0.000006151,443273.3349999999
10000,7,8,parallel,dynamic,0.000528851,443273.3349999999
10000,7,8,parallel,guided,0.000014000,443273.3349999999
100000,1,1,sequential,none,0.001207807,343428233.35000026
100000,1,1,simd,none,0.000110302,343428233.35000026
100000,2,1,sequential,none,0.000141068,343428233.35000026
100000,2,1,simd,none,0.000084492,343428233.35000026
100000,3,1,sequential,none,0.000063713,343428233.35000026
100000,3,1,simd,none,0.000060800,343428233.35000026
100000,4,1,sequential,none,0.000083940,343428233.35000026
100000,4,1,simd,none,0.000080091,343428233.35000026
100000,5,1,sequential,none,0.000060442,343428233.35000026
100000,5,1,simd,none,0.000070301,343428233.35000026
100000,6,1,sequential,none,0.000063708,343428233.35000026
100000,6,1,simd,none,0.000077604,343428233.35000026
100000,7,1,sequential,none,0.000054183,343428233.35000026
100000,7,1,simd,none,0.000049491,343428233.35000026
100000,1,1,parallel,static,0.000058831,343428233.35000026
100000,1,1,parallel,dynamic,0.001891415,343428233.35000026
100000,1,1,parallel,guided,0.000073724,343428233.35000026
100000,2,1,parallel,static,0.000049096,343428233.35000026
100000,2,1,parallel,dynamic,0.001721268,343428233.35000026
100000,2,1,parallel,guided,0.000047830,343428233.35000026
100000,3,1,parallel,static,0.000066816,343428233.35000026
100000,3,1,parallel,dynamic,0.001732540,343428233.35000026
100000,3,1,parallel,guided,0.000071232,343428233.35000026
100000,4,1,parallel,static,0.000072759,343428233.35000026
100000,4,1,parallel,dynamic,0.001684727,343428233.35000026
100000,4,1,parallel,guided,0.000048265,343428233.35000026
100000,5,1,parallel,static,0.000046244,343428233.35000026
100000,5,1,parallel,dynamic,0.001690510,343428233.35000026
100000,5,1,parallel,guided,0.000047836,343428233.35000026
100000,6,1,parallel,static,0.000059007,343428233.35000026
100000,6,1,parallel,dynamic,0.003758712,343428233.35000026
100000,6,1,parallel,guided,0.000099683,343428233.35000026
100000,7,1,parallel,static,0.000070213,343428233.35000026
100000,7,1,parallel,dynamic,0.001955229,343428233.35000026
100000,7,1,parallel,guided,0.000051617,343428233.35000026
100000,1,2,parallel,static,0.000052864,343428233.35000026
100000,1,2,parallel,dynamic,0.006390707,343428233.35000026
100000,1,2,parallel,guided,0.000027833,343428233.35000026
100000,2,2,parallel,static,0.000036837,343428233.35000026
100000,2,2,parallel,dynamic,0.006109816,343428233.35000026
100000,2,2,parallel,guided,0.000036919,343428233.35000026
100000,3,2,parallel,static,0.000026259,343428233.35000026
100000,3,2,parallel,dynamic,0.005655285,343428233.35000026
100000,3,2,parallel,guided,0.000041763,343428233.35000026
100000,4,2,parallel,static,0.000037629,343428233.35000026
100000,4,2,parallel,dynamic,0.005454078,343428233.35000026
100000,4,2,parallel,guided,0.000037854,343428233.35000026
100000,5,2,parallel,static,0.000035277,343428233.35000026
100000,5,2,parallel,dynamic,0.005936687,343428233.35000026
100000,5,2,parallel,guided,0.000033273,343428233.35000026
100000,6,2,parallel,static,0.000033759,343428233.35000026
100000,6,2,parallel,dynamic,0.005821252,343428233.35000026
100000,6,2,parallel,guided,0.000027173,343428233.35000026
100000,7,2,parallel,static,0.000030664,343428233.35000026
100000,7,2,parallel,dynamic,0.004326622,343428233.35000026
100000,7,2,parallel,guided,0.000043401,343428233.35000026
100000,1,4,parallel,static,0.000198547,343428233.35000026
100000,1,4,parallel,dynamic,0.004153940,343428233.35000026
100000,1,4,parallel,guided,0.000025808,343428233.35000026
100000,2,4,parallel,static,0.000029136,343428233.35000026
100000,2,4,parallel,dynamic,0.004488985,343428233.35000026
100000,2,4,parallel,guided,0.000025918,343428233.35000026
100000,3,4,parallel,static,0.000027488,343428233.35000026
100000,3,4,parallel,dynamic,0.004532472,343428233.35000026
100000,3,4,parallel,guided,0.000023126,343428233.35000026
100000,4,4,parallel,static,0.000045728,343428233.35000026
100000,4,4,parallel,dynamic,0.004789919,343428233.35000026
100000,4,4,parallel,guided,0.000028448,343428233.35000026
100000,5,4,parallel,static,0.000025693,343428233.35000026
100000,5,4,parallel,dynamic,0.004564414,343428233.35000026
100000,5,4,parallel,guided,0.000025589,343428233.35000026
100000,6,4,parallel,static,0.000021161,343428233.35000026
100000,6,4,parallel,dynamic,0.003813385,343428233.35000026
100000,6,4,parallel,guided,0.000085328,343428233.35000026
100000,7,4,parallel,static,0.000085189,343428233.35000026
100000,7,4,parallel,dynamic,0.003130294,343428233.35000026
100000,7,4,parallel,guided,0.000028194,343428233.35000026
100000,1,8,parallel,static,0.000386199,343428233.35000026
100000,1,8,parallel,dynamic,0.003215418,343428233.35000026
100000,1,8,parallel,guided,0.000028091,343428233.35000026
100000,2,8,parallel,static,0.000019300,343428233.35000026
100000,2,8,parallel,dynamic,0.003168744,343428233.35000026
100000,2,8,parallel,guided,0.000022830,343428233.35000026
100000,3,8,parallel,static,0.000023165,343428233.35000026
100000,3,8,parallel,dynamic,0.003287660,343428233.35000026
100000,3,8,parallel,guided,0.000026989,343428233.35000026
100000,4,8,parallel,static,0.000023145,343428233.35000026
100000,4,8,parallel,dynamic,0.003197067,343428233.35000026
100000,4,8,parallel,guided,0.000028270,343428233.35000026
100000,5,8,parallel,static,0.000024886,343428233.35000026
100000,5,8,parallel,dynamic,0.003356076,343428233.35000026
100000,5,8,parallel,guided,0.000028606,343428233.35000026
100000,6,8,parallel,static,0.000019817,343428233.35000026
100000,6,8,parallel,dynamic,0.003463769,343428233.35000026
100000,6,8,parallel,guided,0.000028571,343428233.35000026
100000,7,8,parallel,static,0.000054033,343428233.35000026
100000,7,8,parallel,dynamic,0.003730943,343428233.35000026
100000,7,8,parallel,guided,0.000104340,343428233.35000026
1000000,1,1,sequential,none,0.007134771,334333832333.50012
1000000,1,1,simd,none,0.001114214,334333832333.50012
1000000,2,1,sequential,none,0.000982132,334333832333.50012
1000000,2,1,simd,none,0.000927085,334333832333.50012
1000000,3,1,sequential,none,0.001153944,334333832333.50012
1000000,3,1,simd,none,0.001079312,334333832333.50012
1000000,4,1,sequential,none,0.001287399,334333832333.50012
1000000,4,1,simd,none,0.000965116,334333832333.50012
1000000,5,1,sequential,none,0.000848155,334333832333.50012
1000000,5,1,simd,none,0.001341937,334333832333.50012
1000000,6,1,sequential,none,0.001030651,334333832333.50012
1000000,6,1,simd,none,0.000937100,334333832333.50012
1000000,7,1,sequential,none,0.000865788,334333832333.50012
1000000,7,1,simd,none,0.000932122,334333832333.50012
1000000,1,1,parallel,static,0.000940719,334333832333.50012
1000000,1,1,parallel,dynamic,0.014195474,334333832333.50012
1000000,1,1,parallel,guided,0.001017454,334333832333.50012
1000000,2,1,parallel,static,0.000907400,334333832333.50012
1000000,2,1,parallel,dynamic,0.015336531,334333832333.50012
1000000,2,1,parallel,guided,0.001045295,334333832333.50012
1000000,3,1,parallel,static,0.001139698,334333832333.50012
1000000,3,1,parallel,dynamic,0.015079757,334333832333.50012
1000000,3,1,parallel,guided,0.001118786,334333832333.50012
1000000,4,1,parallel,static,0.001037173,334333832333.50012
1000000,4,1,parallel,dynamic,0.018572718,334333832333.50012
1000000,4,1,parallel,guided,0.001085693,334333832333.50012
1000000,5,1,parallel,static,0.000895413,334333832333.50012
1000000,5,1,parallel,dynamic,0.015359927,334333832333.50012
1000000,5,1,parallel,guided,0.001508159,334333832333.50012
1000000,6,1,parallel,static,0.001116516,334333832333.50012
1000000,6,1,parallel,dynamic,0.016341427,334333832333.50012
1000000,6,1,parallel,guided,0.001071736,334333832333.50012
1000000,7,1,parallel,static,0.001065805,334333832333.50012
1000000,7,1,parallel,dynamic,0.016316121,334333832333.50012
1000000,7,1,parallel,guided,0.001039245,334333832333.50012
1000000,1,2,parallel,static,0.001164078,334333832333.50012
1000000,1,2,parallel,dynamic,0.050705592,334333832333.50012
1000000,1,2,parallel,guided,0.000811578,334333832333.50012
1000000,2,2,parallel,static,0.000875905,334333832333.50012
1000000,2,2,parallel,dynamic,0.031698625,334333832333.50012
1000000,2,2,parallel,guided,0.000961753,334333832333.50012
1000000,3,2,parallel,static,0.000837481,334333832333.50012
1000000,3,2,parallel,dynamic,0.028273669,334333832333.50012
1000000,3,2,parallel,guided,0.000595174,334333832333.50012
1000000,4,2,parallel,static,0.000653158,334333832333.50012
1000000,4,2,parallel,dynamic,0.032896159,334333832333.50012
1000000,4,2,parallel,guided,0.000600772,334333832333.50012
1000000,5,2,parallel,static,0.000501081,334333832333.50012
1000000,5,2,parallel,dynamic,0.052275430,334333832333.50012
1000000,5,2,parallel,guided,0.000568682,334333832333.50012
1000000,6,2,parallel,static,0.000457503,334333832333.50012
1000000,6,2,parallel,dynamic,0.029843855,334333832333.50012
1000000,6,2,parallel,guided,0.000881566,334333832333.50012
1000000,7,2,parallel,static,0.000663721,334333832333.50012
1000000,7,2,parallel,dynamic,0.040164162,334333832333.50012
1000000,7,2,parallel,guided,0.001012913,334333832333.50012
1000000,1,4,parallel,static,0.000708038,334333832333.50012
1000000,1,4,parallel,dynamic,0.043765209,334333832333.50012
1000000,1,4,parallel,guided,0.000481360,334333832333.50012
1000000,2,4,parallel,static,0.000511281,334333832333.50012
1000000,2,4,parallel,dynamic,0.045259544,334333832333.50012
1000000,2,4,parallel,guided,0.000477612,334333832333.50012
1000000,3,4,parallel,static,0.000475352,334333832333.50012
1000000,3,4,parallel,dynamic,0.043998113,334333832333.50012
1000000,3,4,parallel,guided,0.000431277,334333832333.50012
1000000,4,4,parallel,static,0.000410744,334333832333.50012
1000000,4,4,parallel,dynamic,0.040524994,334333832333.50012
1000000,4,4,parallel,guided,0.000512887,334333832333.50012
1000000,5,4,parallel,static,0.000469884,334333832333.50012
1000000,5,4,parallel,dynamic,0.045283651,334333832333.50012
1000000,5,4,parallel,guided,0.000529294,334333832333.50012
1000000,6,4,parallel,static,0.000528289,334333832333.50012
1000000,6,4,parallel,dynamic,0.046821637,334333832333.50012
1000000,6,4,parallel,guided,0.000474544,334333832333.50012
1000000,7,4,parallel,static,0.000401549,334333832333.50012
1000000,7,4,parallel,dynamic,0.037522656,334333832333.50012
1000000,7,4,parallel,guided,0.000468386,334333832333.50012
1000000,1,8,parallel,static,0.000813388,334333832333.50012
1000000,1,8,parallel,dynamic,0.032967442,334333832333.50012
1000000,1,8,parallel,guided,0.003691966,334333832333.50012
1000000,2,8,parallel,static,0.001353797,334333832333.50012
1000000,2,8,parallel,dynamic,0.034499832,334333832333.50012
1000000,2,8,parallel,guided,0.000402264,334333832333.50012
1000000,3,8,parallel,static,0.000268596,334333832333.50012
1000000,3,8,parallel,dynamic,0.031938634,334333832333.50012
1000000,3,8,parallel,guided,0.000299908,334333832333.50012
1000000,4,8,parallel,static,0.000259376,334333832333.50012
1000000,4,8,parallel,dynamic,0.031831364,334333832333.50012
1000000,4,8,parallel,guided,0.000363019,334333832333.50012
1000000,5,8,parallel,static,0.000608024,334333832333.50012
1000000,5,8,parallel,dynamic,0.033798446,334333832333.50012
1000000,5,8,parallel,guided,0.000386151,334333832333.50012
1000000,6,8,parallel,static,0.000316705,334333832333.50012
1000000,6,8,parallel,dynamic,0.041549469,334333832333.50012
1000000,6,8,parallel,guided,0.000304865,334333832333.50012
1000000,7,8,parallel,static,0.000323102,334333832333.50012
1000000,7,8,parallel,dynamic,0.053032200,334333832333.50012
1000000,7,8,parallel,guided,0.000341296,334333832333.50012
10000000,1,1,sequential,none,0.061658710,333433293323337.69
10000000,1,1,simd,none,0.010197030,333433293323337.69
10000000,2,1,sequential,none,0.011200645,333433293323337.69
10000000,2,1,simd,none,0.014135524,333433293323337.69
10000000,3,1,sequential,none,0.014165159,333433293323337.69
10000000,3,1,simd,none,0.013096651,333433293323337.69
10000000,4,1,sequential,none,0.013350879,333433293323337.69
10000000,4,1,simd,none,0.013518924,333433293323337.69
10000000,5,1,sequential,none,0.016937249,333433293323337.69
10000000,5,1,simd,none,0.017902701,333433293323337.69
10000000,6,1,sequential,none,0.011211374,333433293323337.69
10000000,6,1,simd,none,0.011987560,333433293323337.69
10000000,7,1,sequential,none,0.010762697,333433293323337.69
10000000,7,1,simd,none,0.011080003,333433293323337.69
10000000,1,1,parallel,static,0.011369202,333433293323337.69
10000000,1,1,parallel,dynamic,0.160810002,333433293323337.69
10000000,1,1,parallel,guided,0.009978757,333433293323337.69
10000000,2,1,parallel,static,0.009863718,333433293323337.69
10000000,2,1,parallel,dynamic,0.170982962,333433293323337.69
10000000,2,1,parallel,guided,0.011500577,333433293323337.69
10000000,3,1,parallel,static,0.012091558,333433293323337.69
10000000,3,1,parallel,dynamic,0.167672551,333433293323337.69
10000000,3,1,parallel,guided,0.011464055,333433293323337.69
10000000,4,1,parallel,static,0.010190710,333433293323337.69
10000000,4,1,parallel,dynamic,0.177581981,333433293323337.69
10000000,4,1,parallel,guided,0.012827119,333433293323337.69
10000000,5,1,parallel,static,0.013590968,333433293323337.69
10000000,5,1,parallel,dynamic,0.168798356,333433293323337.69
10000000,5,1,parallel,guided,0.012794034,333433293323337.69
10000000,6,1,parallel,static,0.012542517,333433293323337.69
10000000,6,1,parallel,dynamic,0.163707077,333433293323337.69
10000000,6,1,parallel,guided,0.011404812,333433293323337.69
10000000,7,1,parallel,static,0.011200553,333433293323337.69
10000000,7,1,parallel,dynamic,0.159049035,333433293323337.69
10000000,7,1,parallel,guided,0.011806568,333433293323337.69
10000000,1,2,parallel,static,0.008179259,333433293323337.69
10000000,1,2,parallel,dynamic,0.551789716,333433293323337.69
10000000,1,2,parallel,guided,0.006935256,333433293323337.69
10000000,2,2,parallel,static,0.007646815,333433293323337.69
10000000,2,2,parallel,dynamic,0.541436419,333433293323337.69
10000000,2,2,parallel,guided,0.008133453,333433293323337.69
10000000,3,2,parallel,static,0.007753320,333433293323337.69
10000000,3,2,parallel,dynamic,0.546276313,333433293323337.69
10000000,3,2,parallel,guided,0.007005166,333433293323337.69
10000000,4,2,parallel,static,0.007170838,333433293323337.69
10000000,4,2,parallel,dynamic,0.527693826,333433293323337.69
10000000,4,2,parallel,guided,0.007151116,333433293323337.69
10000000,5,2,parallel,static,0.007248672,333433293323337.69
10000000,5,2,parallel,dynamic,0.495346150,333433293323337.69
10000000,5,2,parallel,guided,0.008581599,333433293323337.69
10000000,6,2,parallel,static,0.008726173,333433293323337.69
10000000,6,2,parallel,dynamic,0.528404650,333433293323337.69
10000000,6,2,parallel,guided,0.007609684,333433293323337.69
10000000,7,2,parallel,static,0.008418955,333433293323337.69
10000000,7,2,parallel,dynamic,0.516449287,333433293323337.69
10000000,7,2,parallel,guided,0.007881736,333433293323337.69
10000000,1,4,parallel,static,0.006354762,333433293323337.69
10000000,1,4,parallel,dynamic,0.489174330,333433293323337.69
10000000,1,4,parallel,guided,0.006239866,333433293323337.69
10000000,2,4,parallel,static,0.008775392,333433293323337.69
10000000,2,4,parallel,dynamic,0.506730020,333433293323337.69
10000000,2,4,parallel,guided,0.007252321,333433293323337.69
10000000,3,4,parallel,static,0.007523844,333433293323337.69
10000000,3,4,parallel,dynamic,0.535127420,333433293323337.69
10000000,3,4,parallel,guided,0.006002147,333433293323337.69
10000000,4,4,parallel,static,0.008277192,333433293323337.69
10000000,4,4,parallel,dynamic,0.519552704,333433293323337.69
10000000,4,4,parallel,guided,0.005471627,333433293323337.69
10000000,5,4,parallel,static,0.006125651,333433293323337.69
10000000,5,4,parallel,dynamic,0.538008108,333433293323337.69
10000000,5,4,parallel,guided,0.007164904,333433293323337.69
10000000,6,4,parallel,static,0.005763120,333433293323337.69
10000000,6,4,parallel,dynamic,0.515757355,333433293323337.69
10000000,6,4,parallel,guided,0.005342129,333433293323337.69
10000000,7,4,parallel,static,0.005427047,333433293323337.69
10000000,7,4,parallel,dynamic,0.513283649,333433293323337.69
10000000,7,4,parallel,guided,0.007161022,333433293323337.69
10000000,1,8,parallel,static,0.005740894,333433293323337.69
10000000,1,8,parallel,dynamic,0.452039854,333433293323337.69
10000000,1,8,parallel,guided,0.004733178,333433293323337.69
10000000,2,8,parallel,static,0.005482078,333433293323337.69
10000000,2,8,parallel,dynamic,0.480922890,333433293323337.69
10000000,2,8,parallel,guided,0.005330261,333433293323337.69
10000000,3,8,parallel,static,0.005311729,333433293323337.69
10000000,3,8,parallel,dynamic,0.535853597,333433293323337.69
10000000,3,8,parallel,guided,0.005275127,333433293323337.69
10000000,4,8,parallel,static,0.005525471,333433293323337.69
10000000,4,8,parallel,dynamic,0.424023807,333433293323337.69
10000000,4,8,parallel,guided,0.005045892,333433293323337.69
10000000,5,8,parallel,static,0.004954432,333433293323337.69
10000000,5,8,parallel,dynamic,0.471555861,333433293323337.69
10000000,5,8,parallel,guided,0.004851204,333433293323337.69
10000000,6,8,parallel,static,0.005183916,333433293323337.69
10000000,6,8,parallel,dynamic,0.484858208,333433293323337.69
10000000,6,8,parallel,guided,0.005709357,333433293323337.69
10000000,7,8,parallel,static,0.005495552,333433293323337.69
10000000,7,8,parallel,dynamic,0.458923276,333433293323337.69
10000000,7,8,parallel,guided,0.004855610,333433293323337.69
